7,9-15,apeskinbrown
8,8-16,apeskinbrown
9,8-16,apeskinbrown
10,8-9,apeskinbrown
10,16,apeskinbrown
11,8,apeskinbrown
12,8,apeskinbrown
13,7-8,apeskinbrown
14,7-8,apeskinbrown
15,8,apeskinbrown
16,8-9,apeskinbrown
17,8-10,apeskinbrown
17,16,apeskinbrown
18,8-9,apeskinbrown
19,8,apeskinbrown
20,8,apeskinbrown
21,8-9,apeskinbrown
22,8-10,apeskinbrown
23,8-10,apeskinbrown
24,8-10,apeskinbrown
11,9-16,apeskinbrownlight
12,9,apeskinbrownlight
12,12-14,apeskinbrownlight
14,10-11,apeskinbrownlight
14,15-16,apeskinbrownlight
13,9,apeskinbrownlight
13,12-14,apeskinbrownlight
14,9,apeskinbrownlight
14,12-14,apeskinbrownlight
15,9-16,apeskinbrownlight
16,10-11,apeskinbrownlight
16,13,apeskinbrownlight
16,15-16,apeskinbrownlight
17,11-15,apeskinbrownlight
18,10-16,apeskinbrownlight
21,11-15,apeskinbrownlight
19,10,apeskinbrownlight
19,16,apeskinbrownlight
20,10-16,apeskinbrownlight
10,10-15,apeskinbrownlight
12,10-11,apeskinbrownlight
13,10-11,apeskinbrownlight
12,15-16,apeskinbrownlight
13,15-16,apeskinbrownlight
16,14,apeskinbrownlight
16,12,apeskinbrownlight
19,11-15,apeskinbrownlight
19,9,apeskinbrown
20,9,apeskinbrown
21,10,apeskinbrown