4,11-13,clowngreenhair
5,8-16,clowngreenhair
6,7-17,clowngreenhair
7,6-18,clowngreenhair
8,5-19,clowngreenhair
9,5-19,clowngreenhair
10,4-10,clowngreenhair
10,15-20,clowngreenhair
11,4-8,clowngreenhair
11,17-20,clowngreenhair
12,4-7,clowngreenhair
12,17-20,clowngreenhair
13,17-19,clowngreenhair
14,18-19,clowngreenhair
15,19,clowngreenhair
16,18,clowngreenhair
17,18,clowngreenhair
13,5-6,clowngreenhair
14,5-6,clowngreenhair
15,5-6,clowngreenhair
16,6-7,clowngreenhair
17,7,clowngreenhair
15,18,black
