4,11,crazyhair
4,13,crazyhair
5,7,crazyhair
5,9,crazyhair
5,11,crazyhair
5,13,crazyhair
5,16,crazyhair
6,7,crazyhair
6,10-16,crazyhair
6,18-20,crazyhair
7,6,crazyhair
7,8-17,crazyhair
8,6-7,crazyhair
8,9-19,crazyhair
9,4,crazyhair
9,6-9,crazyhair
9,15-17,crazyhair
10,5-8,crazyhair
10,17-20,crazyhair
11,6-8,crazyhair
11,17-19,crazyhair
12,6-7,crazyhair
12,17-20,crazyhair
13,5-6,crazyhair
13,18-19,crazyhair
14,6,crazyhair
14,18,crazyhair
15,5-6,crazyhair
15,18-19,crazyhair
16,6-7,crazyhair
16,18,crazyhair
17,7,crazyhair
17,18,crazyhair