5,9-15,frumpyhair
6,8-9,frumpyhair
6,11-16,frumpyhair
7,7-8,frumpyhair
7,10-17,frumpyhair
8,6-18,frumpyhair
9,6-18,frumpyhair
10,6-18,frumpyhair
11,6-10,frumpyhair
11,12-18,frumpyhair
12,6-9,frumpyhair
12,12-14,frumpyhair
13,13,frumpyhair
12,17-18,frumpyhair
13,5-8,frumpyhair
14,5-8,frumpyhair
15,5-8,frumpyhair
16,5-8,frumpyhair
17,6-8,frumpyhair
18,6-8,frumpyhair
19,8,frumpyhair
13,17-19,frumpyhair
14,17-19,frumpyhair
15,17-19,frumpyhair
16,17-19,frumpyhair
17,17-19,frumpyhair
18,17-18,frumpyhair
19,17,frumpyhair
6,10,frumpyhairlight
7,9,frumpyhairlight