4,12,wildblonde
4,15-16,wildblonde
5,9-10,wildblonde
5,13-16,wildblonde
5,18,wildblonde
6,7-11,wildblonde
6,13-17,wildblonde
7,6-8,wildblonde
7,10-15,wildblonde
7,17-21,wildblonde
8,5-6,wildblonde
8,8-19,wildblonde
9,4-18,wildblonde
10,6-10,wildblonde
10,15-20,wildblonde
11,5-8,wildblonde
11,11,wildblonde
11,15,wildblonde
11,17-19,wildblonde
11,21,wildblonde
12,4-8,wildblonde
12,14,wildblonde
12,18-20,wildblonde
13,5-6,wildblonde
13,18-21,wildblonde
14,4-6,wildblonde
14,18-21,wildblonde
15,5-6,wildblonde
15,18-20,wildblonde
16,4-7,wildblonde
16,18,wildblonde
16,20,wildblonde
17,5,wildblonde
17,7-8,wildblonde
17,17,wildblonde
17,19,wildblonde
18,5-7,wildblonde
18,19-20,wildblonde
19,6,wildblonde