3,15,wildhair
4,7,wildhair
4,10,wildhair
4,14,wildhair
4,17,wildhair
5,6,wildhair
5,8,wildhair
5,10-11,wildhair
5,13-17,wildhair
5,20,wildhair
6,4,wildhair
6,6-17,wildhair
6,19,wildhair
7,5-19,wildhair
8,4-20,wildhair
9,5-19,wildhair
10,4-12,wildhair
10,15-18,wildhair
11,3-9,wildhair
11,12-13,wildhair
11,16-19,wildhair
12,5-8,wildhair
12,17-20,wildhair
13,4-8,wildhair
13,17-19,wildhair
14,4,wildhair
14,6-8,wildhair
14,17-19,wildhair
15,5-8,wildhair
15,17-20,wildhair
16,5,wildhair
16,7-8,wildhair
16,17-18,wildhair
17,7-8,wildhair
17,17-18,wildhair
18,6,wildhair
18,8,wildhair
18,17-18,wildhair
19,8,wildhair
19,17,wildhair
19,19,wildhair